Alpes du Nord,Alpes du Sud,Jura,Massif Central,Pyrénées,Vosges,bon,débutant,intermediaire,inferieur à 1000,entre 1000 et 1500,entre 1500 et 2000,entre 2000 et 2500,supérieur à 2000,Entre 187 et 109 pistes,Entre 98 et 50 pistes,Entre 49 et 30 pistes,Entre 29 et 15 pistes,Entre 14 et 1 pistes,inferieur à 30 km ,entre 30 km et 100 km,entre 100 et 200 km,superieur à 200 km,inferieur à 10 (forfait),entre 10 et 20 (forfait),entre 20 et 30 (forfait),entre 30 et 40 (forfait),entre 40 et 50 (forfait),superieur à 50 (fortfait),inferieur a 10 km (fond),entre 10 et 20 km (fond),entre 20 et 30 (fond),entre 30 et 50 (fond),entre 50 et 100 km (fond),superieur a 100 km (fond),domaine  pas connecte,domaine connecte
Abondance,Abriès en Queyras,Espace Alpin Bellefontaine,Alti Aigoual,Artouste,Bussang – Larcenaire,Alpe d'Huez,Abondance,Albiez Montrond,Brides les Bains,Sixt Fer à Cheval,Bernex,Saint François Longchamp,Tignes,Station de ski,Notre Dame de Bellecombe,Les Agudes,Gavarnie Gèdre,Arvieux en Queyras,Le Grand Valtin,La Grave la Meije,Les Orres,Peisey Vallandry,Le Grand Valtin,Bessans,Puyvalador,Ristolas en Queyras,La Clusaz,La Grave la Meije,Montmin - Col de la Forclaz,La Bresse Brabant,Aiguilles en Queyras,L'Audibergue - La Moulière,Les Coulmes,La Bresse Lispach,Montmin - Col de la Forclaz,Ristolas en Queyras
Aillons Margeriaz,Aiguilles en Queyras,La Combe Saint Pierre,Besse Super Besse,Ascou Pailhères,Gaschney 360,Chamonix,Autrans,Alpe du Grand Serre,Xonrupt – Le Poli,Les Egaux,Gresse en Vercors,Abriès en Queyras,Val d'Isère,Megève,Samoëns,Peyresourde,Luz Ardiden,Villard Reculas,Ristolas en Queyras,Bramans,Orcières Merlette,Les Arcs,Etang de Lers,Le Granier,Alti Aigoual,Menthières,Font-Romeu – Bolquère – Pyrénées 2000,Serre Chevalier,Turini Camp d'Argent,Le Grand Puy,Gresse en Vercors,Les Habères,Les Estables – Mézenc,Le Champ du Feu,Turini Camp d'Argent,Auris en oisans
Albiez Montrond,Ancelle,La Source du Doubs – Mouthe,Brameloup,Ax 3 Domaines,Gérardmer,Combloux,Bellevaux - Hirmentaz,Areches Beaufort,Bussang – Larcenaire,Ventron,La Sambuy,Pra-Loup,Val Thorens,Flumet - St Nicolas la Chapelle,Les 2 Alpes,Montgenèvre,Montclar les 2 vallées,Alti Aigoual,La Schlucht,Réallon,Superdevoluy / La Joue du Loup,Tignes,Bramans,Val d’Azun,Le Markstein,Ceillac en Queyras,Les Angles,Les 2 Alpes,Le Reposoir,Valloire,Le Ballon d’Alsace,Gréolières les Neiges,Laguiole,La Bresse Hohneck,Le Reposoir,Villard Reculas
Alpe d'Huez,Arvieux en Queyras,Les Fourgs,Chalmazel,Barèges,La Bresse Brabant,Cordon,Bessans,Auris en oisans,Le Champ du Feu,La Bresse Lispach,Thollon les Memises,Superdevoluy / La Joue du Loup,Alpe d'Huez,Crest Voland Cohennoz,Valloire,Les Contamines Montjoie,La Pierre St Martin,Abondance,Bessans,Ancelle,Combloux,Megève,Montmin - Col de la Forclaz,Saint Jean de Sixt,Méaudre,Abriès en Queyras,Pra-Loup,Auris en oisans,Serre Eyraud,Les Agudes,Albiez Montrond,Gérardmer,Lans en Vercors,Les Fourgs,Serre Eyraud,Vaujany
Alpe du Grand Serre,Auron,Les Plans d’Hotonnes – Plateau de Retord,Chastreix Sancy,Beille,La Bresse Hohneck,Courchevel,Bonneval sur Arc,Aussois,Saint Maurice sur Moselle,La Source du Doubs – Mouthe,Le Lioran,Peyresourde,,Champagny en Vanoise,Valmeinier,Monts Jura,Manigod,Le Ballon d’Alsace,Le Désert d'Entremont,La Colmiane,La Giettaz,Saint Gervais Mont-Blanc,Les Coulmes,Val d'Allos,Autrans,Cambre d’Aze,Montgenèvre,Vaujany,Gaschney 360,Peyresourde,Alpe du Grand Serre,Les Karellis,Megève,Formiguères,Gaschney 360,Oz en oisans
Areches Beaufort,Beuil les Launes,Les Rousses,La Croix de Bauzon,Cambre d’Aze,La Bresse Lispach,La Plagne,Bramans,Avoriaz,La Bresse Brabant,La Planche des Belles Filles,Bramans,Les Agudes,,Montchavin - La Plagne,Val Thorens,Auron,Guzet,Le Champ du Feu,La Source du Doubs – Mouthe,Roubion - Les Buisses,Saint Lary Soulan,La Plagne,Nistos,Le Désert d'Entremont,Gresse en Vercors,Bonneval sur Arc,Les Contamines Montjoie,Alpe d'Huez,Ventoux - Mont Serein,Les Orres,Valmorel,Aussois,Praz de Lys Sommand,Corrençon en Vercors,Ventoux - Mont Serein,Luz Ardiden
Auris en oisans,Ceillac en Queyras,Menthières,La Loge des Gardes,Camurac,La Planche des Belles Filles,La Rosière 1850,Col de Marcieu,Bernex,Le Grand Valtin,Le Lac Blanc,Les Estables – Mézenc,Piau Engaly,,La Plagne,Orelle,Le Grand Bornand,Les Karellis,Sainte Anne la Condamine,La Loge des Gardes,Bernex,Les Gets,Montchavin - La Plagne,,Larche,Les Habères,Areches Beaufort,Val Cenis,Peisey Vallandry,Le Chazelet,Sixt Fer à Cheval,Roc d'Enfer - St Jean d'Aulps,Superdevoluy / La Joue du Loup,Alpe d'Huez,Villard de Lans,Le Chazelet,Auron
Aussois,Céüze,Métabief Mont d’Or,Laguiole,Cauterets,La Schlucht,La Tania,Col de Porte,Brides les Bains,Gérardmer,La Loge des Gardes,Le Mont Dore,Cambre d’Aze,,Les Arcs,Gréolières les Neiges,Les Angles,Albiez Montrond,Réallon,Xonrupt – Le Poli,Gréolières les Neiges,Isola 2000,Champagny en Vanoise,,Romme,Savoie Grand Revard,Le Grand Bornand,Valloire,Les Arcs,Céüze,Le Grand Valtin,Val d'Isère,Flaine,Le Collet d'Allevard,Font-Romeu – Bolquère – Pyrénées 2000,Céüze,Valberg
Autrans,Chabanon,Monts Jura,Le Bleymard – Mont Lozère,Etang de Lers,Le Ballon d’Alsace,Les 2 Alpes,Col de Rousset,Champagny en Vanoise,La Combe Saint Pierre,La Bresse Hohneck,Aiguilles en Queyras,Méribel,,Saint Gervais Mont-Blanc,Les Menuires,Chatel,Luchon Superbagnères,Chaillol,Montmin - Col de la Forclaz,Crest Voland Cohennoz,Les Contamines Montjoie,Les 2 Alpes,,Prabouré,La Sambuy,Pralognan la Vanoise,Valmeinier,La Plagne,Goulier,Xonrupt – Le Poli,La Loge des Gardes,Vaujany,Réallon,Prabouré,Goulier,Serre Chevalier
Avoriaz,Chaillol,,Le Lioran,Font-Romeu – Bolquère – Pyrénées 2000,Le Champ du Feu,Les Arcs,Font d'Urle,Chamrousse,Saint Jean de Sixt,Espace Alpin Bellefontaine,Larche,Les Angles,,Chamonix,Saint Martin de Belleville,Isola 2000,Les Carroz,Le Grand Puy,Larche,Bonneval sur Arc,Les 7 Laux,Corrençon en Vercors,,Beille,Villard Reculas,Sainte Anne la Condamine,Megève,Montchavin - La Plagne,Camurac,La Schlucht,Le Schnepfenried,Oz en oisans,Nistos,Autrans,Camurac,Val Cenis
Bellevaux - Hirmentaz,Crévoux,,Le Mont Dore,Formiguères,Le Grand Valtin,Les Contamines Montjoie,Lans en Vercors,Chatel,Le Ballon d’Alsace,Montmin - Col de la Forclaz,Chastreix Sancy,La Tania,,Alpe d'Huez,La Clusaz,Le Lioran,Saint Pierre de Chartreuse / Le Planolet,Le Chioula,Val Pelens,Luchon Superbagnères,Chamonix,Villard de Lans,,La Combe Saint Pierre,Le Ballon d’Alsace,La Bresse Hohneck,Flumet - St Nicolas la Chapelle,Oz en oisans,Artouste,Roubion - Les Buisses,Saint Maurice sur Moselle,Arvieux en Queyras,Beille,Besse Super Besse,Artouste,Bramans
Bernex,Gréolières les Neiges,,Les Estables – Mézenc,Gavarnie Gèdre,Le Lac Blanc,Les Menuires,Le Désert d'Entremont,Col d'Ornon,,Gaschney 360,Passy Plaine Joux,Auron,,La Tania,Serre Chevalier,Risoul,La Norma,Les Plans d’Hotonnes – Plateau de Retord,Brameloup,Molines en Queyras,Val Cenis,Serre Chevalier,,Lus la Jarjatte,Laye en Champsaur,Sauze Super Sauze,Crest Voland Cohennoz,Chamonix,Puyvalador,Saint Pierre de Chartreuse / Le Planolet,Col d'Ornon,Menthières,Bussang – Larcenaire,Crest Voland Cohennoz,Puyvalador,Morillon
Bessans,Isola 2000,,Prabouré,Goulier,Le Markstein,Megève,Le Granier,Corrençon en Vercors,,Le Schnepfenried,Le Grand Bornand,La Norma,,Courchevel,Val d'Isère,Chamrousse,Le Collet d'Allevard,Le Lac Blanc,Le Granier,Saint Véran,Monts Jura,,,Col d'Ornon,Chalmazel,Les Bottières,Praz sur Arly,Abondance,Val Louron,Mijanès – Donezan,La Planche des Belles Filles,Brides les Bains,Bellevaux - Hirmentaz,Les Saisies,Val Louron,Samoëns
Bonneval sur Arc,La Colmiane,,,Gourette,Le Schnepfenried,Méribel,Le Reposoir,Crest Voland Cohennoz,,Le Sappey en Chartreuse,Praz sur Arly,Val Cenis,,,Tignes,Saint François Longchamp,Besse Super Besse,La Sambuy,Les Egaux,Praz sur Arly,Valfréjus,,,Le Chioula,Mijanès – Donezan,Saint Colomban des Villards,Notre Dame de Bellecombe,La Chapelle d'Abondance,Chaillol,Hautacam,La Toussuire,Les Gets,Espace Alpin Bellefontaine,Bonneval sur Arc,Chaillol,Sixt Fer à Cheval
Bramans,La Grave la Meije,,,Guzet,Saint Maurice sur Moselle,Montchavin - La Plagne,Le Sappey en Chartreuse,Doucy,,La Schlucht,Le Grand Puy,Flaine,,,Les Gets,Valberg,Gresse en Vercors,Camurac,Turini Camp d'Argent,Sainte Anne la Condamine,Auron,,,Les Egaux,Hautacam,Saint Sorlin d'Arves,Praz de Lys Sommand,Roc d'Enfer - St Jean d'Aulps,Ascou Pailhères,Le Mourtis,Le Corbier,La Colmiane,Alti Aigoual,Font d'Urle,Ascou Pailhères,Flaine
Brides les Bains,Larche,,,Hautacam,Ventron,Orelle,Le Semnoz,Flaine,,Le Markstein,Combloux,Orelle,,,Vars,La Toussuire,Bonneval sur Arc,La Croix de Bauzon,Aiguilles en Queyras,Céüze,Flaine,,,Turini Camp d'Argent,Val Louron,Aussois,Les Agudes,Montriond,Montclar les 2 vallées,Ventron,La Pierre St Martin,Vallouise-Pelvoux,Saint Jean de Sixt,La Source du Doubs – Mouthe,Montclar les 2 vallées,Bellevaux - Hirmentaz
Chamonix,L'Audibergue - La Moulière,,,La Mongie,Xonrupt – Le Poli,Peisey Vallandry,Les Coulmes,Flumet - St Nicolas la Chapelle,,Métabief Mont d’Or,La Giettaz,Le Chazelet,,,Méribel,Piau Engaly,Col de Rousset,Mont Saxonnex,Romme,La Chapelle d'Abondance,Méribel,,,Col de Marcieu,Lans en Vercors,La Toussuire,Peyresourde,Chatel,Les Monts d’Olmes,Montchavin - La Plagne,Les 7 Laux,Porté Puymorens,Courchevel,Les Plans d’Hotonnes – Plateau de Retord,Les Monts d’Olmes,Manigod
Champagny en Vanoise,Laye en Champsaur,,,La Pierre St Martin,,Saint Gervais Mont-Blanc,Les Egaux,Gresse en Vercors,,Les Fourgs,Le Semnoz,Puy-Saint-Vincent,,,Peisey Vallandry,La Rosière 1850,Bellevaux - Hirmentaz,Le Markstein,Prabouré,Le Collet d'Allevard,Orelle,,,Le Sappey en Chartreuse,Bellevaux - Hirmentaz,La Norma,Les Saisies,Morzine,Cambre d’Aze,La Croix de Bauzon,Etang de Lers,Serre Chevalier,Le Lac Blanc,Savoie Grand Revard,Sainte Anne la Condamine,Saint Jean de Sixt
Chamrousse,Le Chazelet,,,Le Chioula,,Saint Martin de Belleville,Lus la Jarjatte,La Chapelle d'Abondance,,Les Brasses,Laye en Champsaur,Formiguères,,,Brides les Bains,Font-Romeu – Bolquère – Pyrénées 2000,Sainte Foy Tarentaise,Le Chazelet,Puyvalador,Albiez Montrond,Val Thorens,,,Le Bleymard – Mont Lozère,Chaillol,Saint Jean d'Arves,Risoul,Avoriaz,Sainte Anne la Condamine,Col de Porte,Col de Marcieu,Cauterets,La Clusaz,Bessans,La Norma,La Clusaz
Chatel,Le Grand Puy,,,Le Mourtis,,Tignes,Montmin - Col de la Forclaz,La Clusaz,,Saint Hilaire du Touvet,Corrençon en Vercors,Porté Puymorens,,,La Giettaz,Le Corbier,Praz sur Arly,Cordon,Beille,Saint Pierre de Chartreuse / Le Planolet,Courchevel,,,Saint Hilaire du Touvet,Chastreix Sancy,Le Corbier,Vars,Les Gets,Sauze Super Sauze,Risoul,Saint Léger les Mélèzes,Abondance,Les Arcs,Monts Jura,Sainte Foy Tarentaise,Le Grand Bornand
Col de Marcieu,Les Orres,,,Les Agudes,,Val d'Isère,Passy Plaine Joux,La Giettaz,,Col d'Ornon,Ancelle,Les Karellis,,,Flaine,Saint Jean d'Arves,Auris en oisans,Le Reposoir,La Combe Saint Pierre,Gourette,La Tania,,,La Loge des Gardes,Saint Léger les Mélèzes,Beuil les Launes,La Rosière 1850,Val d'Isère,Les Bottières,Val d'Allos,Brameloup,La Combe Saint Pierre,Le Grand Bornand,Méaudre,Ax 3 Domaines,Les Carroz
Col de Porte,Molines en Queyras,,,Les Angles,,Val Thorens,Romme,La Norma,,Le Granier,Les Gets,Saint Sorlin d'Arves,,,Combloux,Aillons Margeriaz,Pralognan la Vanoise,Saint Hilaire du Touvet,Espace Alpin Bellefontaine,Cauterets,La Rosière 1850,,,Xonrupt – Le Poli,Manigod,Monts Jura,Saint Lary Soulan,Tignes,Saint Colomban des Villards,Saint Hilaire du Touvet,Chabanon,Les Brasses,Montgenèvre,Les Rousses,La Grave la Meije,Flumet - St Nicolas la Chapelle
Col de Rousset,Montclar les 2 vallées,,,Les Monts d’Olmes,,Valmeinier,Saint Hilaire du Touvet,La Sambuy,,Les Plans d’Hotonnes – Plateau de Retord,Les Bottières,Ceillac en Queyras,,,Val d'Allos,Saint Sorlin d'Arves,La Chapelle d'Abondance,Saint Maurice sur Moselle,Col de Marcieu,Savoie Grand Revard,Les Menuires,,,Val Pelens,La Colmiane,Valfréjus,Cordon,Brides les Bains,Saint Sorlin d'Arves,Ancelle,Areches Beaufort,Ristolas en Queyras,La Plagne,,Passy Plaine Joux,Praz sur Arly
Col d'Ornon,Montgenèvre,,,Luchon Superbagnères,,Villard de Lans,Saint Jean de Sixt,La Toussuire,,Mont Saxonnex,Morillon,Crévoux,,,Val Cenis,Gourette,Valfréjus,Serre Eyraud,Le Sappey en Chartreuse,Aillons Margeriaz,Saint Martin de Belleville,,,Aiguilles en Queyras,Ventron,Formiguères,Barèges,Méribel,La Norma,Vars,Beuil les Launes,Morzine,Val d’Azun,,Guzet,Notre Dame de Bellecombe
Combloux,Orcières Merlette,,,Luz Ardiden,,Auron,Sixt Fer à Cheval,Le Collet d'Allevard,,Les Habères,Samoëns,Sainte Foy Tarentaise,,,Doucy,Alpe du Grand Serre,Cauterets,Passy Plaine Joux,La Planche des Belles Filles,Les Brasses,Valloire,,,La Planche des Belles Filles,Crévoux,Guzet,Les Houches,Orelle,Valfréjus,Molines en Queyras,Valberg,Avoriaz,,,Gourette,Praz de Lys Sommand
Cordon,Pra-Loup,,,Mijanès – Donezan,,Gréolières les Neiges,Aiguilles en Queyras,Le Corbier,,Les Coulmes,Villard de Lans,Valloire,,,Valmorel,Ax 3 Domaines,Cambre d’Aze,Val d’Azun,Val d’Azun,Métabief Mont d’Or,Valmeinier,,,Le Reposoir,Vallouise-Pelvoux,Sainte Foy Tarentaise,La Mongie,Val Thorens,Sainte Foy Tarentaise,Saint Véran,Le Mont Dore,Bramans,,,Saint Lary Soulan,Crest Voland Cohennoz
Corrençon en Vercors,Puy-Saint-Vincent,,,Nistos,,La Grave la Meije,Céüze,Le Grand Bornand,,Le Reposoir,Gréolières les Neiges,Valmeinier,,,Les Saisies,Les Orres,L'Audibergue - La Moulière,Menthières,Le Reposoir,La Sambuy,Risoul,,,Les Estables – Mézenc,Le Collet d'Allevard,Porté Puymorens,Saint François Longchamp,Courchevel,Ax 3 Domaines,,Puy-Saint-Vincent,Larche,,,Romme,Les Saisies
Courchevel,Réallon,,,Peyresourde,,Les Orres,Chaillol,Les 7 Laux,,Menthières,L'Audibergue - La Moulière,Luz Ardiden,,,Barèges,Puy-Saint-Vincent,Aussois,Ventron,Les Coulmes,Saint Colomban des Villards,Vars,,,La Croix de Bauzon,Le Champ du Feu,Valberg,Doucy,La Tania,Valmeinier,,Piau Engaly,Le Markstein,,,Col de Rousset,Tignes
Crest Voland Cohennoz,Risoul,,,Piau Engaly,,Montgenèvre,Larche,Les Bottières,,Monts Jura,Serre Chevalier,Cauterets,,,La Mongie,Porté Puymorens,Les Monts d’Olmes,Puyvalador,Les Estables – Mézenc,Gérardmer,Auris en oisans,,,Serre Eyraud,Ascou Pailhères,Le Mont Dore,Combloux,Les Menuires,Flumet - St Nicolas la Chapelle,,Les Contamines Montjoie,Laye en Champsaur,,,Luchon Superbagnères,Val d'Isère
Doucy,Ristolas en Queyras,,,Porté Puymorens,,Orcières Merlette,Le Chazelet,Les Brasses,,Brameloup,Besse Super Besse,La Colmiane,,,Beuil les Launes,Chabanon,Bernex,Nistos,Bussang – Larcenaire,Gavarnie Gèdre,Vaujany,,,Col de Porte,Réallon,Besse Super Besse,La Giettaz,Saint Martin de Belleville,Cordon,,Les 2 Alpes,Orcières Merlette,,,Aillons Margeriaz,Corrençon en Vercors
Flaine,Roubion - Les Buisses,,,Puyvalador,,Serre Chevalier,Ristolas en Queyras,Les Carroz,,Le Désert d'Entremont,Guzet,Saint Lary Soulan,,,Saint Lary Soulan,Métabief Mont d’Or,Autrans,Goulier,La Bresse Brabant,Guzet,Alpe d'Huez,,,La Schlucht,Bernex,Le Lioran,Saint Gervais Mont-Blanc,,Barèges,,La Chapelle d'Abondance,Pra-Loup,,,Val Pelens,Villard de Lans
Flumet - St Nicolas la Chapelle,Saint Léger les Mélèzes,,,Saint Lary Soulan,,Superdevoluy / La Joue du Loup,Turini Camp d'Argent,Les Gets,,Cordon,Le Mourtis,Sainte Anne la Condamine,,,Les Rousses,Sauze Super Sauze,Gérardmer,Laye en Champsaur,Le Champ du Feu,Chabanon,,,,Bussang – Larcenaire,Gréolières les Neiges,Luchon Superbagnères,Valmorel,,La Grave la Meije,,Méribel,Saint François Longchamp,,,Thollon les Memises,Les Houches
Font d'Urle,Saint Véran,,,Val d’Azun,,Val d'Allos,Val Pelens,Les Habères,,Méaudre,Les Saisies,Aussois,,,Superdevoluy / La Joue du Loup,La Bresse Hohneck,La Colmiane,Les Estables – Mézenc,Les Fourgs,Saint Sorlin d'Arves,,,,Les Fourgs,Le Lac Blanc,Luz Ardiden,Sixt Fer à Cheval,,Passy Plaine Joux,,Lus la Jarjatte,Doucy,,,Bernex,Les Contamines Montjoie
Gresse en Vercors,Sainte Anne la Condamine,,,Val Louron,,Valberg,Espace Alpin Bellefontaine,Les Houches,,Laguiole,Notre Dame de Bellecombe,Gavarnie Gèdre,,,Avoriaz,Molines en Queyras,Val Louron,Bramans,Lus la Jarjatte,Barèges,,,,Le Semnoz,Chabanon,Puy-Saint-Vincent,Morillon,,Combloux,,La Tania,Chatel,,,Gavarnie Gèdre,Saint Gervais Mont-Blanc
La Chapelle d'Abondance,Sauze Super Sauze,,,,,Vars,La Combe Saint Pierre,Les Karellis,,Lus la Jarjatte,Lans en Vercors,Les Orres,,,Praz de Lys Sommand,Saint Véran,Morzine,Les Coulmes,Le Bleymard – Mont Lozère,Le Mont Dore,,,,Brameloup,Thollon les Memises,Isola 2000,Les Carroz,,La Giettaz,,Le Bleymard – Mont Lozère,Abriès en Queyras,,,Isola 2000,Chamonix
La Clusaz,Serre Chevalier,,,,,Ventoux - Mont Serein,La Source du Doubs – Mouthe,Les Saisies,,Flumet - St Nicolas la Chapelle,Manigod,Valfréjus,,,Villard de Lans,Vaujany,Roubion - Les Buisses,Col d'Ornon,Gaschney 360,Font-Romeu – Bolquère – Pyrénées 2000,,,,La Bresse Brabant,Auron,Ax 3 Domaines,Samoëns,,Les Carroz,,Pralognan la Vanoise,Chamrousse,,,Le Grand Puy,Megève
La Giettaz,Serre Eyraud,,,,,Besse Super Besse,Les Fourgs,Manigod,,Prabouré,Les Carroz,Les Menuires,,,Orcières Merlette,Oz en oisans,Morillon,La Bresse Lispach,Goulier,Nistos,,,,Gaschney 360,Ancelle,La Pierre St Martin,Flaine,,Guzet,,Champagny en Vanoise,Le Sappey en Chartreuse,,,Les Orres,La Bresse Brabant
La Norma,Superdevoluy / La Joue du Loup,,,,,Le Mont Dore,Les Plans d’Hotonnes – Plateau de Retord,Méaudre,,Abondance,Col de Rousset,Saint Martin de Belleville,,,Les 7 Laux,Savoie Grand Revard,Ancelle,La Bresse Brabant,Le Schnepfenried,Sainte Foy Tarentaise,,,,Laguiole,Aillons Margeriaz,Chamrousse,,,Gourette,,Mont Saxonnex,Manigod,,,Le Grand Valtin,Méaudre
La Plagne,Turini Camp d'Argent,,,,,Ax 3 Domaines,Menthières,Mont Saxonnex,,Roc d'Enfer - St Jean d'Aulps,Praz de Lys Sommand,Chamonix,,,Corrençon en Vercors,Le Mont Dore,Le Semnoz,Bussang – Larcenaire,Col d'Ornon,Besse Super Besse,,,,Passy Plaine Joux,Arvieux en Queyras,Orcières Merlette,,,Saint Lary Soulan,,Villard Reculas,Peisey Vallandry,,,La Schlucht,Barèges
La Rosière 1850,Val d'Allos,,,,,Beille,Alti Aigoual,Montriond,,Saint Pierre de Chartreuse / Le Planolet,Saint Léger les Mélèzes,Val d'Allos,,,Pra-Loup,Areches Beaufort,Les Brasses,Val Pelens,Menthières,Villard Reculas,,,,Ventoux - Mont Serein,Le Mourtis,Les 7 Laux,,,Les Houches,,Saint Gervais Mont-Blanc,Les Angles,,,Roubion - Les Buisses,La Mongie
La Sambuy,Val Pelens,,,,,Font-Romeu – Bolquère – Pyrénées 2000,Brameloup,Morillon,,Bellevaux - Hirmentaz,Crest Voland Cohennoz,Vars,,,Montriond,Lans en Vercors,Formiguères,Le Bleymard – Mont Lozère,Saint Hilaire du Touvet,Notre Dame de Bellecombe,,,,Font d'Urle,Albiez Montrond,Superdevoluy / La Joue du Loup,,,La Mongie,,Les Menuires,Le Désert d'Entremont,,,Mijanès – Donezan,Aussois
La Tania,Valberg,,,,,Gavarnie Gèdre,La Croix de Bauzon,Morzine,,Col de Marcieu,Chatel,Les Arcs,,,,Les Houches,Saint Colomban des Villards,Romme,Laguiole,Samoëns,,,,Col de Rousset,Les Brasses,Gourette,,,Romme,,Saint Martin de Belleville,Crévoux,,,Hautacam,La Bresse Lispach
La Toussuire,Vallouise-Pelvoux,,,,,Gourette,La Loge des Gardes,Notre Dame de Bellecombe,,Autrans,Camurac,Vaujany,,,,Roc d'Enfer - St Jean d'Aulps,Le Mourtis,Prabouré,Alti Aigoual,Le Ballon d’Alsace,,,,L'Audibergue - La Moulière,Molines en Queyras,Cauterets,,,Col de Rousset,,La Sambuy,Le Lioran,,,Le Mourtis,Val d'Allos
Lans en Vercors,Vars,,,,,La Mongie,Les Estables – Mézenc,Oz en oisans,,Chalmazel,Ventoux - Mont Serein,Champagny en Vanoise,,,,,Les Habères,Lus la Jarjatte,Les Bottières,Le Chioula,,,,La Source du Doubs – Mouthe,Saint Véran,Piau Engaly,,,Saint Jean d'Arves,,Val Cenis,Le Semnoz,,,Ventron,Pra-Loup
Le Collet d'Allevard,Ventoux - Mont Serein,,,,,Le Mourtis,Prabouré,Pralognan la Vanoise,,La Croix de Bauzon,Hautacam,La Plagne,,,,,Vallouise-Pelvoux,Brameloup,Laye en Champsaur,Thollon les Memises,,,,Le Chazelet,Métabief Mont d’Or,Les Orres,,,Luchon Superbagnères,,,Chastreix Sancy,,,La Croix de Bauzon,Xonrupt – Le Poli
Le Corbier,,,,,,Les Agudes,Nistos,Praz de Lys Sommand,,Romme,Montriond,Montchavin - La Plagne,,,,,Artouste,Gaschney 360,Ventron,Areches Beaufort,,,,La Bresse Lispach,Gérardmer,Champagny en Vanoise,,,Orelle,,,Le Chioula,,,Col de Porte,Gérardmer
Le Désert d'Entremont,,,,,,Les Angles,Puyvalador,Praz sur Arly,,La Chapelle d'Abondance,Roubion - Les Buisses,La Grave la Meije,,,,,Ventoux - Mont Serein,Les Bottières,Le Chazelet,Roc d'Enfer - St Jean d'Aulps,,,,Mont Saxonnex,Les Rousses,Corrençon en Vercors,,,Aillons Margeriaz,,,Les Egaux,,,Saint Hilaire du Touvet,Risoul
Le Grand Bornand,,,,,,Les Monts d’Olmes,Bussang – Larcenaire,Roc d'Enfer - St Jean d'Aulps,,Alti Aigoual,Val Pelens,Montgenèvre,,,,,Chastreix Sancy,Col de Marcieu,La Croix de Bauzon,La Bresse Hohneck,,,,Céüze,Montclar les 2 vallées,Villard de Lans,,,Luz Ardiden,,,Chalmazel,,,Ancelle,Valfréjus
Le Granier,,,,,,Luchon Superbagnères,Gaschney 360,Saint Colomban des Villards,,Les Rousses,Ristolas en Queyras,Saint Véran,,,,,Beille,Le Sappey en Chartreuse,Serre Eyraud,Porté Puymorens,,,,Espace Alpin Bellefontaine,Les Monts d’Olmes,,,,Praz sur Arly,,,Ceillac en Queyras,,,Aiguilles en Queyras,Sauze Super Sauze
Le Reposoir,,,,,,Luz Ardiden,Gérardmer,Saint François Longchamp,,Etang de Lers,Goulier,Molines en Queyras,,,,,Ascou Pailhères,La Planche des Belles Filles,Cordon,Praz de Lys Sommand,,,,Goulier,Gavarnie Gèdre,,,,Val Pelens,,,Métabief Mont d’Or,,,Gresse en Vercors,Montgenèvre
Le Sappey en Chartreuse,,,,,,Peyresourde,La Planche des Belles Filles,Saint Jean d'Arves,,Les Houches,Areches Beaufort,Orcières Merlette,,,,,Céüze,Sixt Fer à Cheval,Passy Plaine Joux,Les Rousses,,,,Le Schnepfenried,Alpe du Grand Serre,,,,Thollon les Memises,,,Chamonix,,,Le Ballon d’Alsace,Le Granier
Le Semnoz,,,,,,Piau Engaly,La Schlucht,Saint Pierre de Chartreuse / Le Planolet,,Aillons Margeriaz,Megève,Risoul,,,,,Ceillac en Queyras,Aiguilles en Queyras,Chalmazel,Oz en oisans,,,,Saint Maurice sur Moselle,Les Karellis,,,,Auron,,,,,,Albiez Montrond,Le Désert d'Entremont
Les 2 Alpes,,,,,,Porté Puymorens,Le Champ du Feu,Saint Sorlin d'Arves,,Savoie Grand Revard,Les Monts d’Olmes,Isola 2000,,,,,Crévoux,Larche,Mijanès – Donezan,Aussois,,,,Camurac,,,,,Montriond,,,,,,Alpe du Grand Serre,Valmorel
Les 7 Laux,,,,,,Saint Lary Soulan,Le Grand Valtin,Sainte Foy Tarentaise,,Font d'Urle,Morzine,Bonneval sur Arc,,,,,Abriès en Queyras,Col de Porte,Ventoux - Mont Serein,Montclar les 2 vallées,,,,Les Plans d’Hotonnes – Plateau de Retord,,,,,Val Thorens,,,,,,La Loge des Gardes,Saint François Longchamp
Les Arcs,,,,,,Val d’Azun,Xonrupt – Le Poli,Samoëns,,Val d’Azun,Nistos,Auris en oisans,,,,,Hautacam,Montmin - Col de la Forclaz,Le Markstein,Les Houches,,,,Le Grand Puy,,,,,Le Granier,,,,,,Le Schnepfenried,Doucy
Les Bottières,,,,,,Le Schnepfenried,Aillons Margeriaz,Savoie Grand Revard,,Col de Porte,Artouste,Peisey Vallandry,,,,,Saint Léger les Mélèzes,Espace Alpin Bellefontaine,Le Lac Blanc,Alpe du Grand Serre,,,,Artouste,,,,,La Rosière 1850,,,,,,Saint Maurice sur Moselle,Le Mont Dore
Les Brasses,,,,,,,,Thollon les Memises,,Le Bleymard – Mont Lozère,Turini Camp d'Argent,Les 2 Alpes,,,,,Thollon les Memises,Turini Camp d'Argent,La Bresse Lispach,Les Angles,,,,Roubion - Les Buisses,,,,,Bernex,,,,,,Col d'Ornon,Les 2 Alpes
Les Carroz,,,,,,,,Val Cenis,,Le Chioula,Puyvalador,,,,,,Font d'Urle,Etang de Lers,Font d'Urle,Les Karellis,,,,Saint Pierre de Chartreuse / Le Planolet,,,,,Gavarnie Gèdre,,,,,,La Planche des Belles Filles,Les 7 Laux
Les Contamines Montjoie,,,,,,,,Valfréjus,,,Céüze,,,,,,Méaudre,Le Désert d'Entremont,Sixt Fer à Cheval,Luz Ardiden,,,,,,,,,Isola 2000,,,,,,La Pierre St Martin,Peyresourde
Les Coulmes,,,,,,,,Valloire,,,Beuil les Launes,,,,,,Le Schnepfenried,Le Granier,Saint Maurice sur Moselle,La Toussuire,,,,,,,,,Notre Dame de Bellecombe,,,,,,Etang de Lers,Les Habères
Les Egaux,,,,,,,,Valmorel,,,Mijanès – Donezan,,,,,,Mijanès – Donezan,La Loge des Gardes,Mont Saxonnex,Le Lioran,,,,,,,,,Morillon,,,,,,Col de Marcieu,Cordon
Les Gets,,,,,,,,Vaujany,,,La Clusaz,,,,,,Chalmazel,La Source du Doubs – Mouthe,Camurac,Les Agudes,,,,,,,,,Auris en oisans,,,,,,Saint Léger les Mélèzes,Combloux
Les Habères,,,,,,,,Villard Reculas,,,Alpe du Grand Serre,,,,,,Laguiole,Les Egaux,Chaillol,Peyresourde,,,,,,,,,Tignes,,,,,,Brameloup,La Giettaz
Les Houches,,,,,,,,Abriès en Queyras,,,Le Collet d'Allevard,,,,,,Les Fourgs,La Combe Saint Pierre,Les Plans d’Hotonnes – Plateau de Retord,La Mongie,,,,,,,,,Samoëns,,,,,,Chabanon,Montriond
Les Karellis,,,,,,,,Ancelle,,,Vallouise-Pelvoux,,,,,,,Xonrupt – Le Poli,Arvieux en Queyras,La Norma,,,,,,,,,,,,,,,Areches Beaufort,Roc d'Enfer - St Jean d'Aulps
Les Menuires,,,,,,,,Arvieux en Queyras,,,Val Louron,,,,,,,Bessans,Ascou Pailhères,Sauze Super Sauze,,,,,,,,,,,,,,,Puy-Saint-Vincent,La Chapelle d'Abondance
Les Saisies,,,,,,,,Beuil les Launes,,,Serre Eyraud,,,,,,,Le Grand Valtin,Les Monts d’Olmes,Piau Engaly,,,,,,,,,,,,,,,Piau Engaly,Les Gets
Lus la Jarjatte,,,,,,,,Ceillac en Queyras,,,Luchon Superbagnères,,,,,,,Ristolas en Queyras,Chastreix Sancy,Valberg,,,,,,,,,,,,,,,Lus la Jarjatte,Abondance
Manigod,,,,,,,,Chabanon,,,Albiez Montrond,,,,,,,La Schlucht,Abondance,Brides les Bains,,,,,,,,,,,,,,,Le Bleymard – Mont Lozère,Morzine
Méaudre,,,,,,,,Crévoux,,,Villard Reculas,,,,,,,La Grave la Meije,Ceillac en Queyras,Saint Jean d'Arves,,,,,,,,,,,,,,,Pralognan la Vanoise,Avoriaz
Megève,,,,,,,,Isola 2000,,,Chabanon,,,,,,,Saint Jean de Sixt,Méaudre,Saint François Longchamp,,,,,,,,,,,,,,,Mont Saxonnex,Chatel
Méribel,,,,,,,,La Colmiane,,,Chaillol,,,,,,,,Saint Jean de Sixt,Puy-Saint-Vincent,,,,,,,,,,,,,,,La Sambuy,Les Bottières
Mont Saxonnex,,,,,,,,L'Audibergue - La Moulière,,,Ascou Pailhères,,,,,,,,Hautacam,Montriond,,,,,,,,,,,,,,,L'Audibergue - La Moulière,Saint Colomban des Villards
Montchavin - La Plagne,,,,,,,,Laye en Champsaur,,,Les Contamines Montjoie,,,,,,,,Le Semnoz,Les Saisies,,,,,,,,,,,,,,,Gréolières les Neiges,Saint Sorlin d'Arves
Montmin - Col de la Forclaz,,,,,,,,Le Grand Puy,,,Chamrousse,,,,,,,,Val Louron,Ax 3 Domaines,,,,,,,,,,,,,,,Les Karellis,Saint Jean d'Arves
Montriond,,,,,,,,Molines en Queyras,,,Saint Gervais Mont-Blanc,,,,,,,,Abriès en Queyras,La Clusaz,,,,,,,,,,,,,,,Arvieux en Queyras,La Toussuire
Morillon,,,,,,,,Montclar les 2 vallées,,,La Pierre St Martin,,,,,,,,Autrans,Chatel,,,,,,,,,,,,,,,Menthières,Le Corbier
Morzine,,,,,,,,Pra-Loup,,,Réallon,,,,,,,,Crévoux,Le Grand Bornand,,,,,,,,,,,,,,,La Colmiane,Orelle
Notre Dame de Bellecombe,,,,,,,,Puy-Saint-Vincent,,,La Toussuire,,,,,,,,Cambre d’Aze,Val d'Isère,,,,,,,,,,,,,,,Vallouise-Pelvoux,Val Thorens
Orelle,,,,,,,,Réallon,,,Le Corbier,,,,,,,,Gresse en Vercors,Morzine,,,,,,,,,,,,,,,Porté Puymorens,Méribel
Oz en oisans,,,,,,,,Risoul,,,Saint Colomban des Villards,,,,,,,,Le Mourtis,Le Corbier,,,,,,,,,,,,,,,La Combe Saint Pierre,La Tania
Passy Plaine Joux,,,,,,,,Roubion - Les Buisses,,,Saint Jean d'Arves,,,,,,,,Flumet - St Nicolas la Chapelle,Chamrousse,,,,,,,,,,,,,,,Les Brasses,Les Menuires
Peisey Vallandry,,,,,,,,Saint Léger les Mélèzes,,,Bessans,,,,,,,,Saint Léger les Mélèzes,Pra-Loup,,,,,,,,,,,,,,,Larche,Saint Martin de Belleville
Pralognan la Vanoise,,,,,,,,Saint Véran,,,Les 7 Laux,,,,,,,,Etang de Lers,Beuil les Launes,,,,,,,,,,,,,,,Le Markstein,Brides les Bains
Praz de Lys Sommand,,,,,,,,Sainte Anne la Condamine,,,Pralognan la Vanoise,,,,,,,,Col de Porte,Val d'Allos,,,,,,,,,,,,,,,Laye en Champsaur,Courchevel
Praz sur Arly,,,,,,,,Sauze Super Sauze,,,Arvieux en Queyras,,,,,,,,Le Grand Puy,Avoriaz,,,,,,,,,,,,,,,Orcières Merlette,La Bresse Hohneck
Roc d'Enfer - St Jean d'Aulps,,,,,,,,Serre Eyraud,,,Valberg,,,,,,,,Vallouise-Pelvoux,Doucy,,,,,,,,,,,,,,,Abriès en Queyras,Cauterets
Romme,,,,,,,,Vallouise-Pelvoux,,,Sauze Super Sauze,,,,,,,,Les Habères,Valmorel,,,,,,,,,,,,,,,Chamrousse,Autrans
Saint Colomban des Villards,,,,,,,,Les Rousses,,,Ax 3 Domaines,,,,,,,,Formiguères,Montgenèvre,,,,,,,,,,,,,,,Le Sappey en Chartreuse,Saint Véran
Saint François Longchamp,,,,,,,,Métabief Mont d’Or,,,Beille,,,,,,,,Morillon,,,,,,,,,,,,,,,,Les Angles,Besse Super Besse
Saint Gervais Mont-Blanc,,,,,,,,Monts Jura,,,Gourette,,,,,,,,Manigod,,,,,,,,,,,,,,,,Crévoux,Lans en Vercors
Saint Hilaire du Touvet,,,,,,,,Chalmazel,,,Courchevel,,,,,,,,Lans en Vercors,,,,,,,,,,,,,,,,Le Lioran,Alpe d'Huez
Saint Jean d'Arves,,,,,,,,Chastreix Sancy,,,Montclar les 2 vallées,,,,,,,,Pralognan la Vanoise,,,,,,,,,,,,,,,,Le Semnoz,Montchavin - La Plagne
Saint Jean de Sixt,,,,,,,,Laguiole,,,Font-Romeu – Bolquère – Pyrénées 2000,,,,,,,,Artouste,,,,,,,,,,,,,,,,Chastreix Sancy,Champagny en Vanoise
Saint Martin de Belleville,,,,,,,,Le Bleymard – Mont Lozère,,,Oz en oisans,,,,,,,,Bellevaux - Hirmentaz,,,,,,,,,,,,,,,,Le Chioula,Peisey Vallandry
Saint Pierre de Chartreuse / Le Planolet,,,,,,,,Le Lioran,,,Barèges,,,,,,,,Col de Rousset,,,,,,,,,,,,,,,,Chalmazel,Les Arcs
Saint Sorlin d'Arves,,,,,,,,Artouste,,,La Mongie,,,,,,,,Les Carroz,,,,,,,,,,,,,,,,Ceillac en Queyras,La Plagne
Sainte Foy Tarentaise,,,,,,,,Ascou Pailhères,,,Doucy,,,,,,,,L'Audibergue - La Moulière,,,,,,,,,,,,,,,,Métabief Mont d’Or,Les Agudes
Samoëns,,,,,,,,Barèges,,,Valmorel,,,,,,,,La Pierre St Martin,,,,,,,,,,,,,,,,Les Coulmes,Font-Romeu – Bolquère – Pyrénées 2000
Savoie Grand Revard,,,,,,,,Cambre d’Aze,,,La Rosière 1850,,,,,,,,,,,,,,,,,,,,,,,,Les Estables – Mézenc,Vars
Sixt Fer à Cheval,,,,,,,,Camurac,,,,,,,,,,,,,,,,,,,,,,,,,,,Laguiole,Molines en Queyras
Thollon les Memises,,,,,,,,Cauterets,,,,,,,,,,,,,,,,,,,,,,,,,,,Le Collet d'Allevard,Cambre d’Aze
Tignes,,,,,,,,Etang de Lers,,,,,,,,,,,,,,,,,,,,,,,,,,,Réallon,La Rosière 1850
Val Cenis,,,,,,,,Formiguères,,,,,,,,,,,,,,,,,,,,,,,,,,,Nistos,Savoie Grand Revard
Val d'Isère,,,,,,,,Goulier,,,,,,,,,,,,,,,,,,,,,,,,,,,Beille,Saint Pierre de Chartreuse / Le Planolet
Val Thorens,,,,,,,,Guzet,,,,,,,,,,,,,,,,,,,,,,,,,,,Bussang – Larcenaire,Superdevoluy / La Joue du Loup
Valfréjus,,,,,,,,Hautacam,,,,,,,,,,,,,,,,,,,,,,,,,,,Espace Alpin Bellefontaine,Beuil les Launes
Valloire,,,,,,,,La Pierre St Martin,,,,,,,,,,,,,,,,,,,,,,,,,,,Alti Aigoual,Valmeinier
Valmeinier,,,,,,,,Le Chioula,,,,,,,,,,,,,,,,,,,,,,,,,,,Le Lac Blanc,Valloire
Valmorel,,,,,,,,Mijanès – Donezan,,,,,,,,,,,,,,,,,,,,,,,,,,,Val d’Azun,Les Egaux
Vaujany,,,,,,,,Val Louron,,,,,,,,,,,,,,,,,,,,,,,,,,,Le Champ du Feu,
Villard de Lans,,,,,,,,La Bresse Brabant,,,,,,,,,,,,,,,,,,,,,,,,,,,Les Fourgs,
Villard Reculas,,,,,,,,La Bresse Hohneck,,,,,,,,,,,,,,,,,,,,,,,,,,,Formiguères,
,,,,,,,,La Bresse Lispach,,,,,,,,,,,,,,,,,,,,,,,,,,,Prabouré,
,,,,,,,,Le Ballon d’Alsace,,,,,,,,,,,,,,,,,,,,,,,,,,,Bonneval sur Arc,
,,,,,,,,Le Lac Blanc,,,,,,,,,,,,,,,,,,,,,,,,,,,Font d'Urle,
,,,,,,,,Le Markstein,,,,,,,,,,,,,,,,,,,,,,,,,,,La Source du Doubs – Mouthe,
,,,,,,,,Saint Maurice sur Moselle,,,,,,,,,,,,,,,,,,,,,,,,,,,Les Plans d’Hotonnes – Plateau de Retord,
,,,,,,,,Ventron,,,,,,,,,,,,,,,,,,,,,,,,,,,Bessans,
,,,,,,,,,,,,,,,,,,,,,,,,,,,,,,,,,,,Monts Jura,
,,,,,,,,,,,,,,,,,,,,,,,,,,,,,,,,,,,Les Rousses,